,Recency,Frequency,Monetary
1,1,6,1158.3
2,10,11,1745.57
3,20,5,3095.04
4,8,12,2954.75
5,55,2,388.25
6,87,1,316.62
7,3,3,597.5
8,2,12,2665.95
9,54,7,1841.18
10,13,1,149.29000000000002
11,51,1,215.83
12,13,8,2669.8500000000004
13,254,2,241.06
14,52,1,1780.59
15,8,1,309.6499999999999
16,41,4,1498.51
17,176,1,307.72
18,168,1,683.1700000000001
19,24,1,377.01
20,133,3,1121.59
